region,period,horizon,observations,mae_kwh,rmse_kwh,smape_pct
Region Hovedstaden,validation,tomorrow_24h,8784,47708.188887067394,71876.43738409398,5.114082614471992
Region Hovedstaden,validation,next_week_168h,8784,49764.20532673042,72968.30741869428,5.241537531257898
Region Hovedstaden,test,tomorrow_24h,8760,52945.46980924658,75202.56331436912,5.404924964185409
Region Hovedstaden,test,next_week_168h,8760,54053.1472696347,73553.02494825664,5.512831647745657
Region Midtjylland,validation,tomorrow_24h,8784,94733.81210519126,132719.0803305141,9.45454102917339
Region Midtjylland,validation,next_week_168h,8784,105039.89005157104,148583.40356633562,10.286691253000281
Region Midtjylland,test,tomorrow_24h,8760,95071.64192956622,135550.4760733055,9.116243613107883
Region Midtjylland,test,next_week_168h,8760,102677.49672831052,145124.2339349932,9.711235766683268
Region Nordjylland,validation,tomorrow_24h,8784,35238.95721823771,48592.67108345797,7.366418148637734
Region Nordjylland,validation,next_week_168h,8784,39896.09601593807,55491.01988609849,8.203082815944724
Region Nordjylland,test,tomorrow_24h,8760,40371.620719178085,55845.160845872226,8.036513093530683
Region Nordjylland,test,next_week_168h,8760,43155.44711917808,58759.74564445341,8.466450456963761
Region Sjælland,validation,tomorrow_24h,8784,26791.48307843807,37370.89103628597,4.822809705022134
Region Sjælland,validation,next_week_168h,8784,35791.08172586521,50239.229012162556,6.284145382604897
Region Sjælland,test,tomorrow_24h,8760,27824.473242922377,38429.97724776081,4.706299013278447
Region Sjælland,test,next_week_168h,8760,35145.786177625574,47562.769069537455,5.875356426403462
Region Syddanmark,validation,tomorrow_24h,8784,72672.2898442623,99721.04669177148,7.1693086337851835
Region Syddanmark,validation,next_week_168h,8784,76105.70571732696,105682.64052628998,7.361839540203166
Region Syddanmark,test,tomorrow_24h,8760,76849.30664863015,105158.54995619624,7.017772253120197
Region Syddanmark,test,next_week_168h,8760,79554.52043070777,106256.84157040474,7.230092255527454
