region,model,period,evaluation_year,horizon_hours,observations,mae_kwh,rmse_kwh,smape_pct
Region Hovedstaden,four_week_mean,test,2025,24,364,1107654.4273413462,1447861.6218059554,4.64967032935292
Region Hovedstaden,four_week_mean,test,2025,168,358,6860965.450543996,8518939.348379282,4.1152366978378065
Region Hovedstaden,four_week_mean,validation,2024,24,366,1160227.1663606556,1542429.4378833813,5.105677145302446
Region Hovedstaden,four_week_mean,validation,2024,168,366,7099472.368454237,8989514.539195739,4.446758810295497
Region Hovedstaden,previous_day,test,2025,24,364,980832.5822719779,1317071.4618597555,4.167160320636881
Region Hovedstaden,previous_day,test,2025,168,358,1013003.7764860338,1393434.0380927643,0.6029499828599109
Region Hovedstaden,previous_day,validation,2024,24,366,939710.8208989069,1297033.2976981986,4.262811147316436
Region Hovedstaden,previous_day,validation,2024,168,366,1031487.9506830606,1489255.8356778766,0.6415232392686419
Region Hovedstaden,previous_week,test,2025,24,364,1054555.8981483516,1462511.3108968402,4.4024923091076555
Region Hovedstaden,previous_week,test,2025,168,358,4945475.868896648,6734412.152355539,2.9400245191152967
Region Hovedstaden,previous_week,validation,2024,24,366,1044342.0641693987,1538017.054675051,4.530766243977232
Region Hovedstaden,previous_week,validation,2024,168,366,5169947.4803306,7797985.622287927,3.19111988677497
Region Midtjylland,four_week_mean,test,2025,24,364,1820179.4782664834,2331293.1518433318,7.3777532936511685
Region Midtjylland,four_week_mean,test,2025,168,358,9826162.674887571,11747126.827069586,5.798985697782081
Region Midtjylland,four_week_mean,validation,2024,24,366,1896010.080343579,2515047.7507017595,7.934200015152327
Region Midtjylland,four_week_mean,validation,2024,168,366,10004691.93878142,12653796.795366595,6.061852905709516
Region Midtjylland,previous_day,test,2025,24,364,1692467.1211071431,2273838.568334768,6.787956238394361
Region Midtjylland,previous_day,test,2025,168,358,1910716.991815643,2562104.13454812,1.0940320364910876
Region Midtjylland,previous_day,validation,2024,24,366,1552032.5685054644,2097068.2535321573,6.48885317933025
Region Midtjylland,previous_day,validation,2024,168,366,2064567.7801830596,2810149.8471441767,1.216510863552494
Region Midtjylland,previous_week,test,2025,24,364,1973385.8552307694,2669622.567709405,7.876045248080345
Region Midtjylland,previous_week,test,2025,168,358,8404496.890530724,11226330.11324976,4.803423504113247
Region Midtjylland,previous_week,validation,2024,24,366,2027011.2374344263,2734061.615607184,8.321893969294496
Region Midtjylland,previous_week,validation,2024,168,366,8986017.245521858,11998644.535902625,5.3246583316569005
Region Nordjylland,four_week_mean,test,2025,24,364,725094.1179986263,942877.7873824855,5.941783142626063
Region Nordjylland,four_week_mean,test,2025,168,358,3569274.6365314242,4395128.185290227,4.23638724356061
Region Nordjylland,four_week_mean,validation,2024,24,366,722904.7375881149,969166.5086044624,6.278347517536909
Region Nordjylland,four_week_mean,validation,2024,168,366,4003235.1287192623,5075276.420637962,4.997241294610327
Region Nordjylland,previous_day,test,2025,24,364,750314.8592884616,1012493.7055806301,6.214838633023695
Region Nordjylland,previous_day,test,2025,168,358,807257.0366731848,1084832.119052927,0.9452577259778546
Region Nordjylland,previous_day,validation,2024,24,366,608975.535978142,813275.2761347025,5.315943716729179
Region Nordjylland,previous_day,validation,2024,168,366,801421.1607786886,1128308.65397601,0.9783237434086375
Region Nordjylland,previous_week,test,2025,24,364,839325.8883681318,1144102.3368328987,6.816570093085716
Region Nordjylland,previous_week,test,2025,168,358,3354263.6961005586,4527889.7182779135,3.907597676741681
Region Nordjylland,previous_week,validation,2024,24,366,771200.5115928963,1068049.4917547898,6.603015496647495
Region Nordjylland,previous_week,validation,2024,168,366,3735510.4247978143,5011646.339280222,4.59394837151185
Region Sjælland,four_week_mean,test,2025,24,364,861736.5918076923,1093200.1439607877,5.959661784959077
Region Sjælland,four_week_mean,test,2025,168,358,5634536.52269134,6847565.886418592,5.586280587708509
Region Sjælland,four_week_mean,validation,2024,24,366,880990.5994719946,1151830.8647408225,6.42532530271742
Region Sjælland,four_week_mean,validation,2024,168,366,5571440.349069673,6971763.628151807,5.799373990296541
Region Sjælland,previous_day,test,2025,24,364,501601.1045137363,674106.3843404714,3.51470741605789
Region Sjælland,previous_day,test,2025,168,358,702543.5474636868,961821.5502406708,0.6912380935369701
Region Sjælland,previous_day,validation,2024,24,366,521729.81274590164,706478.2888564974,3.9200036657488657
Region Sjælland,previous_day,validation,2024,168,366,752691.5017158467,1044073.2770283628,0.7809672620890984
Region Sjælland,previous_week,test,2025,24,364,716541.6825741759,979127.0591688072,4.939400902352811
Region Sjælland,previous_week,test,2025,168,358,3669567.786365921,5050772.016103608,3.5895425661321756
Region Sjælland,previous_week,validation,2024,24,366,774150.5794781421,1102506.2455874453,5.602057676944868
Region Sjælland,previous_week,validation,2024,168,366,4111587.2524316935,5705899.476226022,4.252230462713577
Region Syddanmark,four_week_mean,test,2025,24,364,1491028.2091153841,1903240.0237560752,5.669295881816983
Region Syddanmark,four_week_mean,test,2025,168,358,8698977.240377096,10427520.509540197,4.752669087031008
Region Syddanmark,four_week_mean,validation,2024,24,366,1470403.8835737705,1962665.8301787013,6.012432298473034
Region Syddanmark,four_week_mean,validation,2024,168,366,8219376.002470628,10974247.738283036,4.82881115602351
Region Syddanmark,previous_day,test,2025,24,364,1437015.8354203296,1895961.4214922222,5.468443713533226
Region Syddanmark,previous_day,test,2025,168,358,1498220.55251676,1965581.1888691336,0.8095828831085775
Region Syddanmark,previous_day,validation,2024,24,366,1240046.7826010927,1659241.479126682,5.130334647893028
Region Syddanmark,previous_day,validation,2024,168,366,1446890.803565574,2001264.8177442972,0.8301586279469376
Region Syddanmark,previous_week,test,2025,24,364,1546740.1193901098,2048179.440157251,5.848583550129157
Region Syddanmark,previous_week,test,2025,168,358,6811853.957846369,9071188.636103734,3.681187466250153
Region Syddanmark,previous_week,validation,2024,24,366,1420919.3476065574,1942322.1908434837,5.721936438503697
Region Syddanmark,previous_week,validation,2024,168,366,6512487.760475411,9187149.155990923,3.7405762155045466
