region,horizon_hours,feature,importance,importance_pct
Region Hovedstaden,24,rolling_mean_24h,0.725973904132843,72.5973892211914
Region Hovedstaden,24,rolling_mean_168h,0.13688166439533234,13.688166618347168
Region Hovedstaden,24,day_of_year_cos,0.07100674510002136,7.100674629211426
Region Hovedstaden,24,weekday,0.030818283557891846,3.0818283557891846
Region Hovedstaden,24,day_of_year_sin,0.009284413419663906,0.9284413456916809
Region Hovedstaden,24,day_of_year,0.0071761757135391235,0.7176175713539124
Region Hovedstaden,24,lag_1h,0.005133199039846659,0.5133199095726013
Region Hovedstaden,24,hour,0.003229449735954404,0.3229449689388275
Region Hovedstaden,24,weekday_cos,0.0024831611663103104,0.24831610918045044
Region Hovedstaden,24,month_cos,0.0013322116574272513,0.13322116434574127
Region Hovedstaden,24,weekday_sin,0.0012818239629268646,0.12818239629268646
Region Hovedstaden,24,lag_24h,0.0011535701341927052,0.11535701155662537
Region Hovedstaden,24,hour_cos,0.0011530540650710464,0.11530540883541107
Region Hovedstaden,24,month,0.0009096601861529052,0.09096601605415344
Region Hovedstaden,24,month_sin,0.0008313825819641352,0.08313825726509094
Region Hovedstaden,24,is_weekend,0.0005528994370251894,0.055289942771196365
Region Hovedstaden,24,lag_168h,0.0005395882180891931,0.053958822041749954
Region Hovedstaden,24,hour_sin,0.0002588182978797704,0.025881830602884293
Region Hovedstaden,168,rolling_mean_168h,0.5781620144844055,57.816200256347656
Region Hovedstaden,168,rolling_mean_24h,0.2045539766550064,20.455398559570312
Region Hovedstaden,168,day_of_year_cos,0.1354430764913559,13.544307708740234
Region Hovedstaden,168,day_of_year_sin,0.0243894811719656,2.438948154449463
Region Hovedstaden,168,month,0.02238905429840088,2.238905429840088
Region Hovedstaden,168,day_of_year,0.016605796292424202,1.6605796813964844
Region Hovedstaden,168,weekday,0.004608601331710815,0.46086013317108154
Region Hovedstaden,168,weekday_cos,0.004426894709467888,0.4426894783973694
Region Hovedstaden,168,weekday_sin,0.003684809897094965,0.36848098039627075
Region Hovedstaden,168,month_sin,0.0019410030217841268,0.1941003054380417
Region Hovedstaden,168,lag_24h,0.0009975320426747203,0.09975320100784302
Region Hovedstaden,168,lag_168h,0.0009384286822751164,0.09384287148714066
Region Hovedstaden,168,month_cos,0.0008029137970879674,0.08029138296842575
Region Hovedstaden,168,hour_cos,0.00042959608254022896,0.042959608137607574
Region Hovedstaden,168,lag_1h,0.00032649640343151987,0.03264963999390602
Region Hovedstaden,168,hour,0.00017870403826236725,0.017870403826236725
Region Hovedstaden,168,is_weekend,0.0001055115571944043,0.010551155544817448
Region Hovedstaden,168,hour_sin,1.6127329217852093e-05,0.0016127328854054213
Region Midtjylland,24,rolling_mean_24h,0.7351386547088623,73.51387023925781
Region Midtjylland,24,rolling_mean_168h,0.11095160245895386,11.095161437988281
Region Midtjylland,24,day_of_year_cos,0.05308208614587784,5.30820894241333
Region Midtjylland,24,weekday,0.04038908705115318,4.038908958435059
Region Midtjylland,24,lag_1h,0.023592647165060043,2.359264850616455
Region Midtjylland,24,hour,0.006393627263605595,0.6393627524375916
Region Midtjylland,24,day_of_year,0.0057409415021538734,0.5740941762924194
Region Midtjylland,24,lag_24h,0.0046999407932162285,0.46999412775039673
Region Midtjylland,24,weekday_cos,0.004551972262561321,0.455197274684906
Region Midtjylland,24,month_cos,0.004094341304153204,0.40943416953086853
Region Midtjylland,24,hour_cos,0.0029478047508746386,0.2947804927825928
Region Midtjylland,24,month,0.0022049134131520987,0.22049136459827423
Region Midtjylland,24,day_of_year_sin,0.0021658181212842464,0.21658183634281158
Region Midtjylland,24,weekday_sin,0.001868842518888414,0.18688426911830902
Region Midtjylland,24,month_sin,0.0009428397752344608,0.09428398311138153
Region Midtjylland,24,lag_168h,0.0005742275388911366,0.057422760874032974
Region Midtjylland,24,is_weekend,0.00038283097092062235,0.0382830984890461
Region Midtjylland,24,hour_sin,0.00027775458875112236,0.027775462716817856
Region Midtjylland,168,rolling_mean_168h,0.5159328579902649,51.593284606933594
Region Midtjylland,168,day_of_year_cos,0.366772323846817,36.67723083496094
Region Midtjylland,168,rolling_mean_24h,0.03475375100970268,3.475375175476074
Region Midtjylland,168,day_of_year_sin,0.02787913754582405,2.7879137992858887
Region Midtjylland,168,day_of_year,0.0213013906031847,2.130139112472534
Region Midtjylland,168,weekday,0.006463720928877592,0.6463720798492432
Region Midtjylland,168,weekday_cos,0.005098370835185051,0.5098370909690857
Region Midtjylland,168,month_cos,0.004325158428400755,0.43251582980155945
Region Midtjylland,168,weekday_sin,0.004249888472259045,0.42498883605003357
Region Midtjylland,168,month,0.0029523340053856373,0.2952333986759186
Region Midtjylland,168,lag_24h,0.002698053140193224,0.26980531215667725
Region Midtjylland,168,lag_168h,0.0023165273014456034,0.23165273666381836
Region Midtjylland,168,month_sin,0.002141809556633234,0.21418096125125885
Region Midtjylland,168,hour_cos,0.0017913576448336244,0.1791357696056366
Region Midtjylland,168,lag_1h,0.0007175441714935005,0.07175441831350327
Region Midtjylland,168,hour,0.00036345867556519806,0.036345869302749634
Region Midtjylland,168,is_weekend,0.00021656861645169556,0.021656861528754234
Region Midtjylland,168,hour_sin,2.5759447453310713e-05,0.0025759446434676647
Region Nordjylland,24,rolling_mean_24h,0.7295095324516296,72.9509506225586
Region Nordjylland,24,rolling_mean_168h,0.11151517182588577,11.151516914367676
Region Nordjylland,24,weekday,0.060307152569293976,6.030715465545654
Region Nordjylland,24,day_of_year_cos,0.05163518339395523,5.16351842880249
Region Nordjylland,24,lag_1h,0.016244538128376007,1.6244537830352783
Region Nordjylland,24,hour,0.008571273647248745,0.8571273684501648
Region Nordjylland,24,lag_24h,0.004625371191650629,0.46253710985183716
Region Nordjylland,24,day_of_year,0.003351174294948578,0.3351174294948578
Region Nordjylland,24,day_of_year_sin,0.002446828642860055,0.24468286335468292
Region Nordjylland,24,month_cos,0.0022390256635844707,0.22390256822109222
Region Nordjylland,24,weekday_cos,0.0020842712838202715,0.20842713117599487
Region Nordjylland,24,weekday_sin,0.002044708002358675,0.20447079837322235
Region Nordjylland,24,hour_cos,0.00130149582400918,0.13014958798885345
Region Nordjylland,24,month,0.0012142369523644447,0.12142369151115417
Region Nordjylland,24,month_sin,0.0010928468545898795,0.10928468406200409
Region Nordjylland,24,lag_168h,0.0009821639396250248,0.09821639209985733
Region Nordjylland,24,is_weekend,0.0005531993811018765,0.05531993880867958
Region Nordjylland,24,hour_sin,0.00028182516689412296,0.028182515874505043
Region Nordjylland,168,rolling_mean_168h,0.5052987337112427,50.52988052368164
Region Nordjylland,168,day_of_year_cos,0.38272398710250854,38.272403717041016
Region Nordjylland,168,day_of_year,0.02950429916381836,2.950430393218994
Region Nordjylland,168,rolling_mean_24h,0.025237781926989555,2.5237786769866943
Region Nordjylland,168,day_of_year_sin,0.02019275724887848,2.0192759037017822
Region Nordjylland,168,weekday_sin,0.006421435624361038,0.6421436667442322
Region Nordjylland,168,weekday_cos,0.006320643704384565,0.6320644617080688
Region Nordjylland,168,month,0.0055018640123307705,0.5501864552497864
Region Nordjylland,168,weekday,0.005143156740814447,0.5143157243728638
Region Nordjylland,168,month_cos,0.004928774666041136,0.4928775131702423
Region Nordjylland,168,month_sin,0.0029272043611854315,0.2927204668521881
Region Nordjylland,168,lag_168h,0.0017470885068178177,0.17470887303352356
Region Nordjylland,168,hour_cos,0.001526970649138093,0.15269708633422852
Region Nordjylland,168,lag_24h,0.0014811042929068208,0.14811044931411743
Region Nordjylland,168,lag_1h,0.0004137982614338398,0.04137983173131943
Region Nordjylland,168,hour,0.00039609536179341376,0.03960954025387764
Region Nordjylland,168,is_weekend,0.0001800402533262968,0.018004026263952255
Region Nordjylland,168,hour_sin,5.422821413958445e-05,0.0054228221997618675
Region Sjælland,24,rolling_mean_24h,0.724268913269043,72.42689514160156
Region Sjælland,24,rolling_mean_168h,0.1463094800710678,14.630948066711426
Region Sjælland,24,day_of_year_cos,0.07117866724729538,7.117866516113281
Region Sjælland,24,weekday,0.015467594377696514,1.5467594861984253
Region Sjælland,24,lag_1h,0.010126965120434761,1.0126965045928955
Region Sjælland,24,day_of_year_sin,0.008877706713974476,0.8877706527709961
Region Sjælland,24,day_of_year,0.007742209825664759,0.7742210030555725
Region Sjælland,24,weekday_cos,0.005416173953562975,0.5416173934936523
Region Sjælland,24,hour,0.0030938051640987396,0.30938053131103516
Region Sjælland,24,month_cos,0.0018557481234893203,0.18557481467723846
Region Sjælland,24,hour_cos,0.0012680450454354286,0.12680450081825256
Region Sjælland,24,month,0.0011038261000066996,0.11038260906934738
Region Sjælland,24,lag_24h,0.000989493797533214,0.0989493802189827
Region Sjælland,24,weekday_sin,0.000659220851957798,0.0659220814704895
Region Sjælland,24,hour_sin,0.0005219824961386621,0.052198249846696854
Region Sjælland,24,month_sin,0.0004333305114414543,0.04333304986357689
Region Sjælland,24,lag_168h,0.00041953264735639095,0.04195326566696167
Region Sjælland,24,is_weekend,0.0002673052076715976,0.026730520650744438
Region Sjælland,168,rolling_mean_168h,0.6004039645195007,60.04039764404297
Region Sjælland,168,rolling_mean_24h,0.2297547459602356,22.975475311279297
Region Sjælland,168,day_of_year_cos,0.08029390871524811,8.029391288757324
Region Sjælland,168,month,0.02825424261391163,2.8254241943359375
Region Sjælland,168,day_of_year,0.017926882952451706,1.792688250541687
Region Sjælland,168,day_of_year_sin,0.014375852420926094,1.4375852346420288
Region Sjælland,168,weekday,0.009859724901616573,0.9859724640846252
Region Sjælland,168,weekday_cos,0.005336242262274027,0.5336242318153381
Region Sjælland,168,weekday_sin,0.003501011524349451,0.35010114312171936
Region Sjælland,168,lag_24h,0.002841799985617399,0.2841799855232239
Region Sjælland,168,lag_168h,0.0018714017933234572,0.18714018166065216
Region Sjælland,168,month_cos,0.0016532213194295764,0.16532212495803833
Region Sjælland,168,hour_cos,0.0016288505867123604,0.16288505494594574
Region Sjælland,168,month_sin,0.0010671209311112761,0.10671209543943405
Region Sjælland,168,hour,0.000882329884916544,0.08823298662900925
Region Sjælland,168,lag_1h,0.00023485855490434915,0.023485856130719185
Region Sjælland,168,is_weekend,9.602813952369615e-05,0.009602813981473446
Region Sjælland,168,hour_sin,1.779836748028174e-05,0.0017798367189243436
Region Syddanmark,24,rolling_mean_24h,0.7230054140090942,72.30054473876953
Region Syddanmark,24,rolling_mean_168h,0.11461785435676575,11.461785316467285
Region Syddanmark,24,day_of_year_cos,0.06190120801329613,6.190120697021484
Region Syddanmark,24,weekday,0.05947721377015114,5.947721481323242
Region Syddanmark,24,lag_1h,0.013887368142604828,1.3887368440628052
Region Syddanmark,24,hour,0.005908650811761618,0.5908650755882263
Region Syddanmark,24,day_of_year,0.005514770280569792,0.5514770150184631
Region Syddanmark,24,day_of_year_sin,0.004054534249007702,0.4054534137248993
Region Syddanmark,24,lag_24h,0.0034574854653328657,0.34574854373931885
Region Syddanmark,24,weekday_cos,0.0014418448554351926,0.14418448507785797
Region Syddanmark,24,hour_cos,0.0014390789438039064,0.14390788972377777
Region Syddanmark,24,month,0.0012965727364644408,0.12965726852416992
Region Syddanmark,24,weekday_sin,0.0012622895883396268,0.1262289583683014
Region Syddanmark,24,month_cos,0.0008209830848500133,0.08209830522537231
Region Syddanmark,24,month_sin,0.0006598530453629792,0.065985307097435
Region Syddanmark,24,lag_168h,0.0005554253584705293,0.055542536079883575
Region Syddanmark,24,is_weekend,0.000468405254650861,0.04684052616357803
Region Syddanmark,24,hour_sin,0.00023106836306396872,0.023106835782527924
Region Syddanmark,168,rolling_mean_168h,0.4797247350215912,47.97247314453125
Region Syddanmark,168,day_of_year_cos,0.3857369124889374,38.573692321777344
Region Syddanmark,168,day_of_year_sin,0.03503034636378288,3.5030345916748047
Region Syddanmark,168,rolling_mean_24h,0.026814624667167664,2.681462526321411
Region Syddanmark,168,day_of_year,0.02288801223039627,2.2888011932373047
Region Syddanmark,168,month_sin,0.013827355578541756,1.3827356100082397
Region Syddanmark,168,month,0.010429119691252708,1.0429120063781738
Region Syddanmark,168,weekday_cos,0.005877196788787842,0.5877196788787842
Region Syddanmark,168,weekday,0.004831432830542326,0.48314327001571655
Region Syddanmark,168,weekday_sin,0.004572628065943718,0.4572628140449524
Region Syddanmark,168,month_cos,0.00454912893474102,0.4549129009246826
Region Syddanmark,168,hour_cos,0.001603198703378439,0.16031986474990845
Region Syddanmark,168,lag_24h,0.0015552128897979856,0.15552128851413727
Region Syddanmark,168,lag_168h,0.0014851443702355027,0.14851443469524384
Region Syddanmark,168,lag_1h,0.0006493661785498261,0.06493661552667618
Region Syddanmark,168,hour,0.00021250435383990407,0.021250436082482338
Region Syddanmark,168,is_weekend,0.00017689677770249546,0.017689676955342293
Region Syddanmark,168,hour_sin,3.615572495618835e-05,0.0036155725829303265
