region,model,period,horizon_hours,observations,mae_kwh,rmse_kwh,smape_pct
Region Hovedstaden,xgboost,validation,24,8784,90526.80621994539,151383.907478484,0.389211310305716
Region Hovedstaden,xgboost,test,24,8760,125739.1762199772,196044.3367588874,0.5175542592629032
Region Hovedstaden,xgboost,validation,168,8784,730298.4238630468,1421792.3062925295,0.4382500207252289
Region Hovedstaden,xgboost,test,168,8760,1593588.5228519407,1984738.6528024818,0.9659118676441678
Region Midtjylland,xgboost,validation,24,8784,181352.73511794172,270975.180482345,0.755078592662624
Region Midtjylland,xgboost,test,24,8760,193018.71511255708,294219.93494759244,0.7792142886285433
Region Midtjylland,xgboost,validation,168,8784,1811875.3726818077,3196122.943091293,1.006775903805369
Region Midtjylland,xgboost,test,168,8760,2096702.692596233,2753064.211901699,1.2310677610728995
Region Nordjylland,xgboost,validation,24,8784,64447.80981785064,92716.47748795158,0.56703308106222
Region Nordjylland,xgboost,test,24,8760,80430.30276027397,126999.64202736778,0.6625269195994289
Region Nordjylland,xgboost,validation,168,8784,421317.9847550091,640142.6100698579,0.510220033693123
Region Nordjylland,xgboost,test,168,8760,717268.0016092466,1045265.7338588699,0.8395757083453147
Region Sjælland,xgboost,validation,24,8784,87529.18930965393,179495.9592678347,0.5974168549449517
Region Sjælland,xgboost,test,24,8760,124972.84099566212,211008.4710370833,0.8117756298701373
Region Sjælland,xgboost,validation,168,8784,763696.6991752048,1487084.705030868,0.7398128589351595
Region Sjælland,xgboost,test,168,8760,1297833.8740729452,1810597.5855279425,1.2490983783362841
Region Syddanmark,xgboost,validation,24,8784,121243.51942030963,176705.54586948286,0.49341186314198837
Region Syddanmark,xgboost,test,24,8760,208473.75594143837,375548.64722341415,0.7653080131887404
Region Syddanmark,xgboost,validation,168,8784,1462614.7881549408,2435875.177870912,0.8077258678678612
Region Syddanmark,xgboost,test,168,8760,4389372.911580137,5593285.363817478,2.3497819221702154
Region Hovedstaden,sarima,validation,24,1,265704.7118912488,265704.7118912488,1.210031703654259
Region Hovedstaden,sarima,validation,168,1,56177211.0883908,56177211.0883908,34.423437634694864
Region Hovedstaden,sarima,test,24,1,975406.5675690472,975406.5675690472,4.094850986161549
Region Hovedstaden,sarima,test,168,1,44689113.47483495,44689113.47483495,26.947347600519283
Region Midtjylland,sarima,validation,24,1,579310.7425872162,579310.7425872162,2.108307478560643
Region Midtjylland,sarima,validation,168,1,60913038.48563522,60913038.48563522,33.362790370775194
Region Midtjylland,sarima,test,24,1,97442.09657102451,97442.09657102451,0.35607592711325453
Region Midtjylland,sarima,test,168,1,48171329.332443476,48171329.332443476,26.869819976380533
Region Nordjylland,sarima,validation,24,1,362317.18626175076,362317.18626175076,3.0388264908249902
Region Nordjylland,sarima,validation,168,1,24872541.595690876,24872541.595690876,30.88379939246143
Region Nordjylland,sarima,test,24,1,506967.35878964886,506967.35878964886,3.8371205015472905
Region Nordjylland,sarima,test,168,1,28365699.066007197,28365699.066007197,32.64930960394604
Region Sjælland,sarima,validation,24,1,108826.1781052202,108826.1781052202,0.8379005368631778
Region Sjælland,sarima,validation,168,1,38532696.14578152,38532696.14578152,39.10305260154061
Region Sjælland,sarima,test,24,1,58.70459125377238,58.70459125377238,0.00041945010361463497
Region Sjælland,sarima,test,168,1,22875210.503030866,22875210.503030866,22.220694719648147
Region Syddanmark,sarima,validation,24,1,903234.4783421308,903234.4783421308,3.8821167098883653
Region Syddanmark,sarima,validation,168,1,72737368.60717961,72737368.60717961,45.30457030814271
Region Syddanmark,sarima,test,24,1,156154.78154950216,156154.78154950216,0.5796995122515056
Region Syddanmark,sarima,test,168,1,42039954.24267283,42039954.24267283,22.926741998033236
