region,model,forecast_origin,horizon_hours,forecast_total_kwh
Region Hovedstaden,xgboost,2025-12-30 23:00:00,24,28273022.0
Region Hovedstaden,xgboost,2025-12-24 23:00:00,168,183789904.0
Region Midtjylland,xgboost,2025-12-30 23:00:00,24,26011362.0
Region Midtjylland,xgboost,2025-12-24 23:00:00,168,182899584.0
Region Nordjylland,xgboost,2025-12-30 23:00:00,24,13198325.0
Region Nordjylland,xgboost,2025-12-24 23:00:00,168,92702088.0
Region Sjælland,xgboost,2025-12-30 23:00:00,24,18233110.0
Region Sjælland,xgboost,2025-12-24 23:00:00,168,117739224.0
Region Syddanmark,xgboost,2025-12-30 23:00:00,24,29372854.0
Region Syddanmark,xgboost,2025-12-24 23:00:00,168,200555728.0
Region Hovedstaden,sarima,2025-12-31 22:00:00,24,25867745.515703626
Region Hovedstaden,sarima,2025-12-31 22:00:00,168,168255922.28721067
Region Midtjylland,sarima,2025-12-31 22:00:00,24,21242472.36343544
Region Midtjylland,sarima,2025-12-31 22:00:00,168,102733046.66664913
Region Nordjylland,sarima,2025-12-31 22:00:00,24,12272349.903458353
Region Nordjylland,sarima,2025-12-31 22:00:00,168,70366578.02276944
Region Sjælland,sarima,2025-12-31 22:00:00,24,16529765.619570106
Region Sjælland,sarima,2025-12-31 22:00:00,168,111766247.65266672
Region Syddanmark,sarima,2025-12-31 22:00:00,24,24277929.98690609
Region Syddanmark,sarima,2025-12-31 22:00:00,168,129927958.350052
