region,horizon_hours,observations,mae_kwh,rmse_kwh,smape_pct
Region Hovedstaden,24,365,111212.23103013696,165168.76814953831,0.45665904429275783
Region Hovedstaden,168,365,1395561.7642383561,1762005.9281225558,0.8581644267466686
Region Midtjylland,24,365,139026.65405753427,222050.1249997904,0.5480634959210683
Region Midtjylland,168,365,1598121.2907369859,2275518.2494155816,0.9298557195560503
Region Nordjylland,24,365,65297.478260273965,125588.91423896862,0.5151727890918268
Region Nordjylland,168,365,613012.8168712328,901697.6490261526,0.718016584688649
Region Sjælland,24,365,96148.25332054798,165434.36458805477,0.6285905334258534
Region Sjælland,168,365,946048.8887643837,1374142.7522552079,0.9107598046669677
Region Syddanmark,24,365,176698.3168438356,361504.143964553,0.6346233356163864
Region Syddanmark,168,365,2833404.3126027402,3347070.8037260748,1.5623155318610402
ALL_REGIONS,24,1825,117676.58670246575,223791.56840881167,0.5566218396695786
ALL_REGIONS,168,1825,1477229.8146427397,2106506.9718922228,0.9958224135038752
